clone_id,v_gene,depth,true_len_nt,cdr1_aa,cdr2_aa,cdr3_aa
clone_000_IGHV1-69,IGHV1-69,30,375,GGIFSTYA,IIPLFGTP,ARDRDDYGSGNYYNRIDF
clone_001_IGHV3-23,IGHV3-23,30,384,EFTFSSYA,ISGSGRFT,AKGFCSGATCPRDYYYYGMDV
clone_002_IGHV3-53,IGHV3-53,30,339,GFSVSRNY,VYSGGAT,ARVPGRL
clone_003_IGHV1-18,IGHV1-18,30,348,GYTFTNFG,ISAYNGNT,ARGGTPIDY
clone_004_IGHV3-13,IGHV3-13,30,351,GFTLSGYD,IGSAGDT,TRKTPTNGMAV
clone_005_IGHV4-39,IGHV4-39,30,369,NDSVSNTFYY,IYYSGST,TRHWAVVAANNWFDP
clone_006_IGHV4-31,IGHV4-31,30,369,GVSINGGRYY,IFYSANT,ARLGSGDYFPTFFDF
clone_007_IGHV3-15,IGHV3-15,30,351,GFDFANAW,IKSITDGGAA,STDDLISY
clone_008_IGHV1-18,IGHV1-18,12,357,GYTFTSYG,ISAYNGNT,ARSIAAAVDFDY
clone_009_IGHV3-15,IGHV3-15,12,381,GITLSDAW,INRRTDGGTT,ATMGQNPQDHYYIYAMDV
clone_010_IGHV1-8,IGHV1-8,12,354,GYTFTSYD,MNPNSGNT,AREMTTRGMDV
clone_011_IGHV1-3,IGHV1-3,12,384,GYTFTSYA,INAGNGNT,ASGGDILTGSPPGGYYYYMDV
clone_012_IGHV1-18,IGHV1-18,12,369,GYTFNSYV,ISGYNGDT,ARAPSGSQGPGQYFQH
clone_013_IGHV1-8,IGHV1-8,12,351,GYTFTSYD,MNPNSGNT,ARQKVDASDY
clone_014_IGHV3-23,IGHV3-23,12,372,GFTFSSYA,ISGSGGST,AKDSLKYQLLLFYYFDY
clone_015_IGHV1-69,IGHV1-69,12,369,GGTFSRHA,IIPLFGTT,ARAAIHGSSWYFWFDP
clone_016_IGHV2-5,IGHV2-5,12,366,GFSATSSGVG,IYWDDAD,ARLLRGALAYYFDS
clone_017_IGHV3-53,IGHV3-53,12,360,GFTVITND,LYSDGNT,ARGVEPLAANTLAY
clone_018_IGHV1-24,IGHV1-24,12,363,GYTLTELS,FDPEDGKT,VAGGTRWLQSPFDY
clone_019_IGHV1-69,IGHV1-69,12,378,GGTFSTSA,IMPVFPTP,ARDKDRLQLGGNYYYILDV
clone_020_IGHV1-8,IGHV1-8,12,366,GYTFTSYD,MNPNSGNT,ARGVKYGAYSRWFDP
clone_021_IGHV3-74,IGHV3-74,12,351,GFTFNYYW,IHSDGSST,ARGDKGGFDL
clone_022_IGHV1-69,IGHV1-69,12,390,GGTFSSLG,IIPISETT,ARALLSHSYDSGGYDSYFHGMDV
clone_023_IGHV1-46,IGHV1-46,12,351,GYTFPSYF,INPTGGST,ARTAARRFDY
clone_024_IGHV4-30-4,IGHV4-30-4,12,369,GGSISSGNYY,ISYSGST,ATMGTPATGLYFFDY
clone_025_IGHV3-48,IGHV3-48,12,360,GFTFSSYS,ISSGGTI,ARVLKGLVGATPDY
clone_026_IGHV1-69,IGHV1-69,12,360,GGTFNNYA,IIPMFETV,ARGLRTGNYGMDV
clone_027_IGHV3-30,IGHV3-30,12,372,GFTFSSYV,ISTDGTEK,VKDGGTLPNVVNYPFDI
clone_028_IGHV1-2,IGHV1-2,12,375,GYTFTGNY,INPRSGGT,VRGGGVDVVTPTRVVFDY
clone_029_IGHV2-70,IGHV2-70,6,360,GFSLSTSGMC,IDWDDDK,ALCRSYGVEFDY
clone_030_IGHV3-74,IGHV3-74,6,339,GFTFTNYW,TNDDGSRT,GTTFEY
clone_031_IGHV4-34,IGHV4-34,6,372,GGSFSGYY,INHSGST,ARIYVLLWFGDPERAFDI
clone_032_IGHV3-23,IGHV3-23,6,369,GFTFSSYA,ISGSGGST,AKDQYGMTTVITAFDY
clone_033_IGHV1-18,IGHV1-18,6,351,GYSFSSYG,ISPSTHET,ARDWYPRFDP
clone_034_IGHV4-30-4,IGHV4-30-4,6,381,GGSINSDDSY,IYDSETT,ARDRQSEIVAMLASNGMDV
clone_035_IGHV3-33,IGHV3-33,6,378,GFSFSSFG,IHYDGSHE,ARDRGCATISCYFSGAFDY
clone_036_IGHV4-31,IGHV4-31,6,366,GGSISSGGYY,IYYSGST,ARVCGGDCHHGMDV
clone_037_IGHV1-46,IGHV1-46,6,369,GYKFTTSY,INPDTGST,ARQHCSDTSCSFHFDY
clone_038_IGHV4-59,IGHV4-59,6,360,GASISSHY,IYYRGGA,ARLLDSSDWGWFDP
clone_039_IGHV3-23,IGHV3-23,6,369,GFIFSSYA,ISGRGDTI,AKHRYCSGECSEGFAN
clone_040_IGHV1-46,IGHV1-46,6,378,GYTFTNNY,INPNGAST,ARVYGLVKHDDFWSGYYDY
clone_041_IGHV4-59,IGHV4-59,3,363,GDSITTYY,IHYTGRT,ARYHCPGGICQGFDY
clone_042_IGHV1-18,IGHV1-18,3,369,GYSENFYG,ISAQHGQT,AGSLGYCTSNVCYLKY
clone_043_IGHV3-30,IGHV3-30,3,369,GFTFSSYG,ILYDGSKK,VKDGSSGWPYFDDMDV
clone_044_IGHV3-13,IGHV3-13,3,357,GFTFSSYD,IGTAGDT,AREGKTTRYGMDV
clone_045_IGHV4-4,IGHV4-4,3,360,GDSISSSY,IHSTGGS,VRGVAAVGTDWFDP
clone_046_IGHV4-59,IGHV4-59,3,360,GASISSYY,IYYSGST,ARLSPTSGNWALDY
clone_047_IGHV4-34,IGHV4-34,3,360,GGSFSGYY,INHSGST,ARPVSGSSGWYYNY
